{"name":"81f35e31-2085-4a43-a72d-3f3f6c0c468d","id":"/providers/Microsoft.Flow/flows/81f35e31-2085-4a43-a72d-3f3f6c0c468d","type":"Microsoft.Flow/flows","properties":{"apiId":"/providers/Microsoft.PowerApps/apis/shared_logicflows","displayName":"ExportCSV","definition":{"metadata":{"workflowEntityId":null,"processAdvisorMetadata":null,"flowclientsuspensionreason":"None","flowclientsuspensiontime":null,"flowclientsuspensionreasondetails":null,"creator":{"id":"3d241c25-a80b-428b-81a8-47eb305c2a3b","type":"User","tenantId":"9916674c-4d0a-43fd-8056-528e4c7b0f40"},"provisioningMethod":"FromDefinition","failureAlertSubscription":true,"clientLastModifiedTime":"2023-03-22T09:07:45.6844759Z"},"$schema":"https://schema.management.azure.com/providers/Microsoft.Logic/schemas/2016-06-01/workflowdefinition.json#","contentVersion":"1.0.0.0","parameters":{"$connections":{"defaultValue":{},"type":"Object"},"$authentication":{"defaultValue":{},"type":"SecureObject"}},"triggers":{"manual":{"metadata":{"operationMetadataId":"1273f726-db14-431c-8aaf-9cf644c14ac2"},"type":"Request","kind":"PowerApp","inputs":{"schema":{"type":"object","properties":{"Samenstellen_Invoer":{"type":"any","description":"Invoer","x-ms-powerflows-param-ispartial":false}},"required":["Samenstellen_Invoer"]}}}},"actions":{"Samenstellen":{"runAfter":{},"metadata":{"operationMetadataId":"ba150f0e-51cf-4eb9-b536-dcde2d96d02b"},"type":"Compose","inputs":"@triggerBody()['Samenstellen_Invoer']"},"JSON_parseren":{"runAfter":{"Samenstellen":["Succeeded"]},"metadata":{"operationMetadataId":"4bb26530-64e6-4377-944c-c24b0943d391"},"type":"ParseJson","inputs":{"content":"@outputs('Samenstellen')","schema":{"type":"array","items":{"type":"object","properties":{"NaamAlgoritme":{"type":"string"},"Bevoegdeautoriteit":{"type":"string"},"Bezwaarprocedure":{"type":"string"},"DPIA":{"type":"object","properties":{"Value":{"type":"string"}}},"Geografischgebied":{"type":"string"},"Herzieningsdatum":{"type":"string"},"ID":{"type":"integer"},"ID0":{"type":"string"},"Korteomschrijving":{"type":"string"},"Menselijketussenkomst":{"type":"string"},"Monitoring":{"type":"string"},"OmschrijvingvandeDPIA":{"type":"string"},"Organisatie":{"type":"string"},"Prestatienormen":{"type":"string"},"Project":{"type":"object","properties":{"Id":{"type":"integer"},"Value":{"type":"string"}}},"Project_x003a__x0020_Mail":{"type":"object","properties":{"Id":{"type":"integer"},"Value":{"type":"string"}}},"Publicatiestatus":{"type":"object","properties":{"Value":{"type":"string"}}},"Risicos":{"type":"string"},"Schema":{"type":"string"},"Taal":{"type":"string"},"Title":{"type":"string"},"URL":{"type":"string"},"Wettelijkegrondslag":{"type":"string"},"Besluitvormingsproces":{"type":"string"},"Brondata":{"type":"string"},"Categorie":{"type":"string"},"Documentatie":{"type":"string"},"Doel":{"type":"string"},"Impact":{"type":"string"},"Koppelingenmetbasisregistraties":{"type":"string"},"Langeomschrijving":{"type":"string"},"Methodenenmodellen":{"type":"string"},"Proportionaliteit":{"type":"string"},"Status":{"type":"object","properties":{"Value":{"type":"string"}}},"TypeAlgoritme":{"type":"array","properties":{"Value":{"type":"string"}}},"URLvandeapplicatie":{"type":"string"},"URLvandewebsite":{"type":"string"},"URLvanpubliccode_x002e_yml":{"type":"string"}},"required":["DPIA","Herzieningsdatum","ID","ID0","Korteomschrijving","Organisatie","Publicatiestatus","Schema","Taal","Title","URL"]}}}},"CSV-tabel_maken":{"runAfter":{"JSON_parseren":["Succeeded"]},"metadata":{"operationMetadataId":"8dabc1ae-f7a6-4b5a-821d-2511ef7baeea"},"type":"Table","inputs":{"from":"@body('JSON_parseren')","format":"CSV","columns":[{"header":"name","value":"@item()['Title']"},{"header":"publication","value":"@item()?['Publicatiestatus']?['Value']"},{"header":"project","value":"@item()?['Project']?['Value']"},{"header":"organization","value":"@item()['Organisatie']"},{"header":"description_short","value":"@item()['Korteomschrijving']"},{"header":"type","value":"@item()?['TypeAlgoritme']"},{"header":"category","value":"@item()?['Categorie']"},{"header":"website","value":"@item()?['URLvandewebsite']"},{"header":"status","value":"@item()?['Status']?['Value']"},{"header":"goal","value":"@item()?['Doel']"},{"header":"impact","value":"@item()?['Impact']"},{"header":"proportionality","value":"@item()?['Proportionaliteit']"},{"header":"decision_making_process","value":"@item()?['Besluitvormingsproces']"},{"header":"documentation","value":"@item()?['Documentatie']"},{"header":"description","value":"@item()?['Langeomschrijving']"},{"header":"application_url","value":"@item()?['URLvandeapplicatie']"},{"header":"publiccode","value":"@item()?['URLvanpubliccode_x002e_yml']"},{"header":"MPRD","value":"@item()?['Koppelingenmetbasisregistraties']"},{"header":"source_data","value":"@item()?['Brondata']"},{"header":"methods_and_models","value":"@item()?['Methodenenmodellen']"},{"header":"monitoring","value":"@item()?['Monitoring']"},{"header":"human_intervention","value":"@item()?['Menselijketussenkomst']"},{"header":"risks","value":"@item()?['Risicos']"},{"header":"performance_standard","value":"@item()?['Prestatienormen']"},{"header":"competent_authority","value":"@item()?['Bevoegdeautoriteit']"},{"header":"lawful_basis","value":"@item()?['Wettelijkegrondslag']"},{"header":"DPIA","value":"@item()?['DPIA']?['Value']"},{"header":"DPIA_description","value":"@item()?['OmschrijvingvandeDPIA']"},{"header":"objection_procedure","value":"@item()?['Bezwaarprocedure']"},{"header":"schema","value":"@item()['Schema']"},{"header":"id","value":"@item()['ID']"},{"header":"url","value":"@item()['URL']"},{"header":"contact_email","value":"@item()?['Project_x003a__x0020_Mail']?['Value']"},{"header":"area","value":"@item()?['Geografischgebied']"},{"header":"lang","value":"@item()['Taal']"},{"header":"revision_date","value":"@item()['Herzieningsdatum']"}]}},"Bestand_maken":{"runAfter":{"CSV-tabel_maken":["Succeeded"]},"metadata":{"operationMetadataId":"50323b39-f631-456c-960b-38db096e3de5"},"type":"OpenApiConnection","inputs":{"host":{"apiId":"/providers/Microsoft.PowerApps/apis/shared_sharepointonline","connectionName":"shared_sharepointonline","operationId":"CreateFile"},"parameters":{"dataset":"https://noordbrabant.sharepoint.com/sites/Algoritmeregister","folderPath":"/Algoritmeregister Library","name":"Export_@{utcNow()}.csv","body":"@body('CSV-tabel_maken')"},"authentication":{"value":"@json(decodeBase64(triggerOutputs().headers['X-MS-APIM-Tokens']))['$ConnectionKey']","type":"Raw"}},"runtimeConfiguration":{"contentTransfer":{"transferMode":"Chunked"}}}}},"connectionReferences":{"shared_sharepointonline":{"connectionName":"20adfb67f69342c3bb5fe704ea1f0442","source":"Invoker","id":"/providers/Microsoft.PowerApps/apis/shared_sharepointonline","tier":"NotSpecified"}},"flowFailureAlertSubscribed":false,"isManaged":false}}