{"name":"8d4b015e-884f-4d68-bf32-946a37817fb7","id":"/providers/Microsoft.Flow/flows/8d4b015e-884f-4d68-bf32-946a37817fb7","type":"Microsoft.Flow/flows","properties":{"apiId":"/providers/Microsoft.PowerApps/apis/shared_logicflows","displayName":"Export naar excel","definition":{"metadata":{"workflowEntityId":null,"processAdvisorMetadata":null,"flowclientsuspensionreason":"None","flowclientsuspensiontime":null,"flowclientsuspensionreasondetails":null,"creator":{"id":"3d241c25-a80b-428b-81a8-47eb305c2a3b","type":"User","tenantId":"9916674c-4d0a-43fd-8056-528e4c7b0f40"},"provisioningMethod":"FromDefinition","failureAlertSubscription":true,"clientLastModifiedTime":"2023-03-22T09:07:45.9501169Z"},"$schema":"https://schema.management.azure.com/providers/Microsoft.Logic/schemas/2016-06-01/workflowdefinition.json#","contentVersion":"1.0.0.0","parameters":{"$connections":{"defaultValue":{},"type":"Object"},"$authentication":{"defaultValue":{},"type":"SecureObject"}},"triggers":{"manual":{"metadata":{"operationMetadataId":"bebcb0d7-a6a4-4885-9d6b-40b63fef9b91"},"type":"Request","kind":"PowerApp","inputs":{"schema":{"type":"object","properties":{"Bestandmaken_Bestandsnaam":{"type":"string","description":"Naam van het bestand.. Deze parameter wordt gebruikt als onderdeel van \"48F17C3E-C7B5-4793-A711-29315649504B\"","x-ms-powerflows-param-ispartial":true},"Bestandmaken_Bestandsinhoud":{"type":"string","format":"binary","description":"Inhoud van het bestand.","x-ms-powerflows-param-ispartial":false}},"required":["Bestandmaken_Bestandsnaam","Bestandmaken_Bestandsinhoud"]}}}},"actions":{"Bestand_maken":{"runAfter":{},"metadata":{"operationMetadataId":"9fb3201e-f9d3-43ed-ad15-be10874adf20"},"type":"OpenApiConnection","inputs":{"host":{"apiId":"/providers/Microsoft.PowerApps/apis/shared_sharepointonline","connectionName":"shared_sharepointonline","operationId":"CreateFile"},"parameters":{"dataset":"https://noordbrabant.sharepoint.com/sites/DataplatformDatawarehouse","folderPath":"/Dataplatform/Projecten en Opdrachten/Actieve Projecten/DataLab/Algoritmeregister","name":"@{triggerBody()['Bestandmaken_Bestandsnaam']}.xlsx","body":"@triggerBody()['Bestandmaken_Bestandsinhoud']"},"authentication":{"value":"@json(decodeBase64(triggerOutputs().headers['X-MS-APIM-Tokens']))['$ConnectionKey']","type":"Raw"}},"runtimeConfiguration":{"contentTransfer":{"transferMode":"Chunked"}}}}},"connectionReferences":{"shared_sharepointonline":{"connectionName":"20adfb67f69342c3bb5fe704ea1f0442","source":"Invoker","id":"/providers/Microsoft.PowerApps/apis/shared_sharepointonline","tier":"NotSpecified"}},"flowFailureAlertSubscribed":false,"isManaged":false}}