<ImportExportXml xmlns:xsi="http://www.w3.org/2001/XMLSchema-instance">
  <Entities></Entities>
  <Roles></Roles>
  <Workflows>
    <Workflow WorkflowId="{e1ede5ba-4ef6-ed11-8849-00224882b967}" Name="ExportCSV_Solution">
      <JsonFileName>/Workflows/ExportCSV_Solution-E1EDE5BA-4EF6-ED11-8849-00224882B967.json</JsonFileName>
      <Type>1</Type>
      <Subprocess>0</Subprocess>
      <Category>5</Category>
      <Mode>0</Mode>
      <Scope>4</Scope>
      <OnDemand>0</OnDemand>
      <TriggerOnCreate>0</TriggerOnCreate>
      <TriggerOnDelete>0</TriggerOnDelete>
      <AsyncAutodelete>0</AsyncAutodelete>
      <SyncWorkflowLogOnFailure>0</SyncWorkflowLogOnFailure>
      <StateCode>1</StateCode>
      <StatusCode>2</StatusCode>
      <RunAs>1</RunAs>
      <IsTransacted>1</IsTransacted>
      <IntroducedVersion>1.0.0.1</IntroducedVersion>
      <IsCustomizable>1</IsCustomizable>
      <BusinessProcessType>0</BusinessProcessType>
      <IsCustomProcessingStepAllowedForOtherPublishers>1</IsCustomProcessingStepAllowedForOtherPublishers>
      <PrimaryEntity>none</PrimaryEntity>
      <LocalizedNames>
        <LocalizedName languagecode="1043" description="ExportCSV_Solution" />
      </LocalizedNames>
    </Workflow>
  </Workflows>
  <FieldSecurityProfiles></FieldSecurityProfiles>
  <Templates />
  <EntityMaps />
  <EntityRelationships />
  <OrganizationSettings />
  <optionsets />
  <CustomControls />
  <EntityDataProviders />
  <CanvasApps>
    <CanvasApp>
      <Name>dl_algoritmeregistratie_8b81c</Name>
      <AppVersion>2023-06-14T12:53:28Z</AppVersion>
      <Status>Ready</Status>
      <CreatedByClientVersion>3.23055.18.0</CreatedByClientVersion>
      <MinClientVersion>3.23055.18.0</MinClientVersion>
      <Tags>{"primaryDeviceWidth":"1136","primaryDeviceHeight":"640","supportsPortrait":"true","supportsLandscape":"true","primaryFormFactor":"Phone","publisherVersion":"3.23055.18","minimumRequiredApiVersion":"2.2.0","hasComponent":"false","hasUnlockedComponent":"false","isUnifiedRootApp":"false","sienaVersion":"20230607T152432Z-3.23053.41.0"}</Tags>
      <IsCdsUpgraded>0</IsCdsUpgraded>
      <GalleryItemId xsi:nil="true"></GalleryItemId>
      <BackgroundColor>rgba(84, 130, 215, 1)</BackgroundColor>
      <DisplayName>Algoritmeregistratie</DisplayName>
      <Description xsi:nil="true"></Description>
      <CommitMessage xsi:nil="true"></CommitMessage>
      <Publisher></Publisher>
      <AuthorizationReferences>[]</AuthorizationReferences>
      <ConnectionReferences>{"43674709-3043-451c-9db3-e959ef31e736":{"id":"/providers/microsoft.powerapps/apis/shared_sharepointonline","displayName":"SharePoint","iconUri":"https://connectoricons-prod.azureedge.net/u/shgogna/globalperconnector-train1/1.0.1639.3312/sharepointonline/icon.png","dataSources":["SP_page_Projecten","SP_page_Algoritmeregister","SP_page_Algoritme_Kolombeschrijvingen","SP_page_Programma","SP_page_In_uitklappen_algoritmeregister","SP_page_Algoritme_Library"],"dependencies":[],"dependents":["a114e904-2447-4b59-8b65-d0a8b0c01d3c"],"parameterHints":{},"parameterHintsV2":{},"isOnPremiseConnection":false,"bypassConsent":false,"dataSets":{"https://noordbrabant.sharepoint.com/sites/Algoritmeregister_dl_SP_site_Alg":{"datasetOverride":{"name":"https://noordbrabant.sharepoint.com/sites/Algoritmeregister","environmentVariableName":"dl_SP_site_Alg"},"dataSources":{"SP_page_Projecten":{"tableName":"539ddd7f-64f2-475d-bc59-901966fb521d","tableNameOverride":{"name":"539ddd7f-64f2-475d-bc59-901966fb521d","environmentVariableName":"dl_SP_page_Projecten"}},"SP_page_Algoritmeregister":{"tableName":"4083e708-0893-4ec5-a06d-de15bac85b9f","tableNameOverride":{"name":"4083e708-0893-4ec5-a06d-de15bac85b9f","environmentVariableName":"dl_SP_page_Algoritmeregister"}},"SP_page_Algoritme_Kolombeschrijvingen":{"tableName":"d707c560-ce3a-427b-9c4d-acfb1bb61ad4","tableNameOverride":{"name":"d707c560-ce3a-427b-9c4d-acfb1bb61ad4","environmentVariableName":"dl_SP_page_Algoritme_Kolombeschrijvingen"}},"SP_page_Programma":{"tableName":"aa53bcb0-0856-4e95-8c62-8ca72489dfa7","tableNameOverride":{"name":"aa53bcb0-0856-4e95-8c62-8ca72489dfa7","environmentVariableName":"dl_SP_page_Programma"}},"SP_page_In_uitklappen_algoritmeregister":{"tableName":"3893f899-d2f9-4526-998c-957de74904ad","tableNameOverride":{"name":"3893f899-d2f9-4526-998c-957de74904ad","environmentVariableName":"dl_SP_page_In_uitklappen_algoritmeregister"}},"SP_page_Algoritme_Library":{"tableName":"b47ac68e-9ce9-4fe4-a632-8139beb5b3d9","tableNameOverride":{"name":"b47ac68e-9ce9-4fe4-a632-8139beb5b3d9","environmentVariableName":"dl_SP_page_Algoritme_Library"}}}}},"apiTier":"Standard","actions":["providers/PowerPlatform.Governance/Operations/Read"]},"a114e904-2447-4b59-8b65-d0a8b0c01d3c":{"id":"/providers/microsoft.powerapps/apis/shared_logicflows","displayName":"Logicastroom","iconUri":"https://connectoricons-prod.azureedge.net/releases/v1.0.1636/1.0.1636.3297/logicflows/icon.png","dataSources":["ExportCSV"],"dependencies":["43674709-3043-451c-9db3-e959ef31e736"],"dependents":[],"parameterHints":{"workflowName":{"value":"0720f432-8ce8-4f12-9bd7-21c2dbaddf44"},"workflowEntityId":{},"43674709-3043-451c-9db3-e959ef31e736":{"value":"shared_sharepointonline"}},"parameterHintsV2":{"workflowName":{"value":"0720f432-8ce8-4f12-9bd7-21c2dbaddf44"},"workflowEntityId":{},"shared_sharepointonline":{"value":"43674709-3043-451c-9db3-e959ef31e736"}},"isOnPremiseConnection":false,"bypassConsent":false,"dataSets":{},"apiTier":"Standard","actions":["Run"]}}</ConnectionReferences>
      <DatabaseReferences>{}</DatabaseReferences>
      <AppComponents>[]</AppComponents>
      <AppComponentDependencies>[]</AppComponentDependencies>
      <CanConsumeAppPass>1</CanConsumeAppPass>
      <CanvasAppType>0</CanvasAppType>
      <BypassConsent>0</BypassConsent>
      <AdminControlBypassConsent>0</AdminControlBypassConsent>
      <EmbeddedApp xsi:nil="true"></EmbeddedApp>
      <IntroducedVersion>1.0</IntroducedVersion>
      <CdsDependencies>{"cdsdependencies":[{"logicalname":"dl_SP_site_Alg","componenttype":380,"componenttypeplatformname":"EnvironmentVariableDefinition"},{"logicalname":"dl_SP_page_Projecten","componenttype":380,"componenttypeplatformname":"EnvironmentVariableDefinition"},{"logicalname":"dl_SP_page_Algoritmeregister","componenttype":380,"componenttypeplatformname":"EnvironmentVariableDefinition"},{"logicalname":"dl_SP_page_Algoritme_Kolombeschrijvingen","componenttype":380,"componenttypeplatformname":"EnvironmentVariableDefinition"},{"logicalname":"dl_SP_page_Programma","componenttype":380,"componenttypeplatformname":"EnvironmentVariableDefinition"},{"logicalname":"dl_SP_page_In_uitklappen_algoritmeregister","componenttype":380,"componenttypeplatformname":"EnvironmentVariableDefinition"},{"logicalname":"dl_SP_page_Algoritme_Library","componenttype":380,"componenttypeplatformname":"EnvironmentVariableDefinition"}]}</CdsDependencies>
      <IsCustomizable>1</IsCustomizable>
      <BackgroundImageUri>/CanvasApps/dl_algoritmeregistratie_8b81c_BackgroundImageUri</BackgroundImageUri>
      <DocumentUri>/CanvasApps/dl_algoritmeregistratie_8b81c_DocumentUri.msapp</DocumentUri>
    </CanvasApp>
  </CanvasApps>
  <connectionreferences>
    <connectionreference connectionreferencelogicalname="dl_sharedsharepointonline_bb3a4">
      <connectionreferencedisplayname>SharePoint Algoritmeregistratie-bb3a4</connectionreferencedisplayname>
      <connectorid>/providers/Microsoft.PowerApps/apis/shared_sharepointonline</connectorid>
      <iscustomizable>1</iscustomizable>
      <statecode>0</statecode>
      <statuscode>1</statuscode>
    </connectionreference>
  </connectionreferences>
  <Languages>
    <Language>1043</Language>
  </Languages>
</ImportExportXml>