<environmentvariabledefinition schemaname="dl_SP_page_Algoritme_Library">
  <apiid>/providers/microsoft.powerapps/apis/shared_sharepointonline</apiid>
  <defaultvalue>b47ac68e-9ce9-4fe4-a632-8139beb5b3d9</defaultvalue>
  <displayname default="SP_page_Algoritme_Library">
    <label description="SP_page_Algoritme_Library" languagecode="1043" />
  </displayname>
  <introducedversion>1.0.0.0</introducedversion>
  <iscustomizable>1</iscustomizable>
  <isrequired>0</isrequired>
  <parameterkey>table</parameterkey>
  <parentdefinitionid>
    <schemaname>dl_SP_site_Alg</schemaname>
  </parentdefinitionid>
  <secretstore>0</secretstore>
  <type>100000004</type>
</environmentvariabledefinition>