{
  "properties": {
    "connectionReferences": {
      "shared_sharepointonline": {
        "runtimeSource": "invoker",
        "connection": {
          "connectionReferenceLogicalName": "dl_sharedsharepointonline_bb3a4"
        },
        "api": {
          "name": "shared_sharepointonline"
        }
      }
    },
    "definition": {
      "$schema": "https://schema.management.azure.com/providers/Microsoft.Logic/schemas/2016-06-01/workflowdefinition.json#",
      "contentVersion": "1.0.0.0",
      "parameters": {
        "$connections": {
          "defaultValue": {},
          "type": "Object"
        },
        "$authentication": {
          "defaultValue": {},
          "type": "SecureObject"
        },
        "SP_page_Algoritme_Library (dl_SP_page_Algoritme_Library)": {
          "defaultValue": "b47ac68e-9ce9-4fe4-a632-8139beb5b3d9",
          "type": "String",
          "metadata": {
            "schemaName": "dl_SP_page_Algoritme_Library"
          }
        },
        "SP_site_Alg (dl_SP_site_Alg)": {
          "defaultValue": "https://noordbrabant.sharepoint.com/sites/Algoritmeregister",
          "type": "String",
          "metadata": {
            "schemaName": "dl_SP_site_Alg"
          }
        }
      },
      "triggers": {
        "manual": {
          "metadata": {
            "operationMetadataId": "774846e5-58f5-4856-a953-b8226cc54a0a"
          },
          "type": "Request",
          "kind": "PowerApp",
          "inputs": {
            "schema": {
              "type": "object",
              "properties": {
                "Samenstellen_Inputs": {
                  "type": "any",
                  "description": "Inputs",
                  "x-ms-powerflows-param-ispartial": false
                }
              },
              "required": [
                "Samenstellen_Inputs"
              ]
            }
          }
        }
      },
      "actions": {
        "Samenstellen": {
          "runAfter": {},
          "metadata": {
            "operationMetadataId": "19ebe53e-8ee7-4bbe-b9eb-0fda957b0803"
          },
          "type": "Compose",
          "inputs": "@triggerBody()['Samenstellen_Inputs']"
        },
        "JSON_parseren": {
          "runAfter": {
            "Samenstellen": [
              "Succeeded"
            ]
          },
          "metadata": {
            "operationMetadataId": "d545e651-3460-4b0c-b005-accf5e8dca24"
          },
          "type": "ParseJson",
          "inputs": {
            "content": "@outputs('Samenstellen')",
            "schema": {
              "type": "array",
              "items": {
                "type": "object",
                "properties": {
                  "NaamAlgoritme": {
                    "type": "string"
                  },
                  "Bevoegdeautoriteit": {
                    "type": "string"
                  },
                  "Bezwaarprocedure": {
                    "type": "string"
                  },
                  "DPIA": {
                    "type": "object",
                    "properties": {
                      "Value": {
                        "type": "string"
                      }
                    }
                  },
                  "Geografischgebied": {
                    "type": "string"
                  },
                  "Herzieningsdatum": {
                    "type": "string"
                  },
                  "ID": {
                    "type": "integer"
                  },
                  "ID0": {
                    "type": "string"
                  },
                  "Korteomschrijving": {
                    "type": "string"
                  },
                  "Menselijketussenkomst": {
                    "type": "string"
                  },
                  "Monitoring": {
                    "type": "string"
                  },
                  "OmschrijvingvandeDPIA": {
                    "type": "string"
                  },
                  "Organisatie": {
                    "type": "string"
                  },
                  "Prestatienormen": {
                    "type": "string"
                  },
                  "Project": {
                    "type": "object",
                    "properties": {
                      "Id": {
                        "type": "integer"
                      },
                      "Value": {
                        "type": "string"
                      }
                    }
                  },
                  "Project_x003a__x0020_Mail": {
                    "type": "object",
                    "properties": {
                      "Id": {
                        "type": "integer"
                      },
                      "Value": {
                        "type": "string"
                      }
                    }
                  },
                  "Publicatiestatus": {
                    "type": "object",
                    "properties": {
                      "Value": {
                        "type": "string"
                      }
                    }
                  },
                  "Risicos": {
                    "type": "string"
                  },
                  "Schema": {
                    "type": "string"
                  },
                  "Taal": {
                    "type": "string"
                  },
                  "Title": {
                    "type": "string"
                  },
                  "URL": {
                    "type": "string"
                  },
                  "Wettelijkegrondslag": {
                    "type": "string"
                  },
                  "Besluitvormingsproces": {
                    "type": "string"
                  },
                  "Brondata": {
                    "type": "string"
                  },
                  "Categorie": {
                    "type": "string"
                  },
                  "Documentatie": {
                    "type": "string"
                  },
                  "Doel": {
                    "type": "string"
                  },
                  "Impact": {
                    "type": "string"
                  },
                  "Koppelingenmetbasisregistraties": {
                    "type": "string"
                  },
                  "Langeomschrijving": {
                    "type": "string"
                  },
                  "Methodenenmodellen": {
                    "type": "string"
                  },
                  "Proportionaliteit": {
                    "type": "string"
                  },
                  "Status": {
                    "type": "object",
                    "properties": {
                      "Value": {
                        "type": "string"
                      }
                    }
                  },
                  "TypeAlgoritme": {
                    "type": "array",
                    "properties": {
                      "Value": {
                        "type": "string"
                      }
                    }
                  },
                  "URLvandeapplicatie": {
                    "type": "string"
                  },
                  "URLvandewebsite": {
                    "type": "string"
                  },
                  "URLvanpubliccode_x002e_yml": {
                    "type": "string"
                  }
                },
                "required": [
                  "DPIA",
                  "Herzieningsdatum",
                  "ID",
                  "ID0",
                  "Korteomschrijving",
                  "Organisatie",
                  "Publicatiestatus",
                  "Schema",
                  "Taal",
                  "Title",
                  "URL"
                ]
              }
            }
          }
        },
        "CSV-tabel_maken": {
          "runAfter": {
            "JSON_parseren": [
              "Succeeded"
            ]
          },
          "metadata": {
            "operationMetadataId": "336bbf91-5b8e-41c5-acf2-3af7456349ee"
          },
          "type": "Table",
          "inputs": {
            "from": "@body('JSON_parseren')",
            "format": "CSV",
            "columns": [
              {
                "header": "name",
                "value": "@item()['Title']"
              },
              {
                "header": "publication",
                "value": "@item()?['Publicatiestatus']?['Value']"
              },
              {
                "header": "project",
                "value": "@item()?['Project']?['Value']"
              },
              {
                "header": "organization",
                "value": "@item()['Organisatie']"
              },
              {
                "header": "description_short",
                "value": "@item()['Korteomschrijving']"
              },
              {
                "header": "type",
                "value": "@item()?['TypeAlgoritme']"
              },
              {
                "header": "category",
                "value": "@item()?['Categorie']"
              },
              {
                "header": "website",
                "value": "@item()?['URLvandewebsite']"
              },
              {
                "header": "status",
                "value": "@item()?['Status']?['Value']"
              },
              {
                "header": "goal",
                "value": "@item()?['Doel']"
              },
              {
                "header": "impact",
                "value": "@item()?['Impact']"
              },
              {
                "header": "proportionality",
                "value": "@item()?['Proportionaliteit']"
              },
              {
                "header": "decision_making_process",
                "value": "@item()?['Besluitvormingsproces']"
              },
              {
                "header": "documentation",
                "value": "@item()?['Documentatie']"
              },
              {
                "header": "description",
                "value": "@item()?['Langeomschrijving']"
              },
              {
                "header": "application_url",
                "value": "@item()?['URLvandeapplicatie']"
              },
              {
                "header": "publiccode",
                "value": "@item()?['URLvanpubliccode_x002e_yml']"
              },
              {
                "header": "MPRD",
                "value": "@item()?['Koppelingenmetbasisregistraties']"
              },
              {
                "header": "source_data",
                "value": "@item()?['Brondata']"
              },
              {
                "header": "methods_and_models",
                "value": "@item()?['Methodenenmodellen']"
              },
              {
                "header": "monitoring",
                "value": "@item()?['Monitoring']"
              },
              {
                "header": "human_intervention",
                "value": "@item()?['Menselijketussenkomst']"
              },
              {
                "header": "risks",
                "value": "@item()?['Risicos']"
              },
              {
                "header": "performance_standard",
                "value": "@item()?['Prestatienormen']"
              },
              {
                "header": "competent_authority",
                "value": "@item()?['Bevoegdeautoriteit']"
              },
              {
                "header": "lawful_basis",
                "value": "@item()?['Wettelijkegrondslag']"
              },
              {
                "header": "DPIA",
                "value": "@item()?['DPIA']?['Value']"
              },
              {
                "header": "DPIA_description",
                "value": "@item()?['OmschrijvingvandeDPIA']"
              },
              {
                "header": "objection_procedure",
                "value": "@item()?['Bezwaarprocedure']"
              },
              {
                "header": "schema",
                "value": "@item()['Schema']"
              },
              {
                "header": "id",
                "value": "@item()['ID']"
              },
              {
                "header": "url",
                "value": "@item()['URL']"
              },
              {
                "header": "contact_email",
                "value": "@item()?['Project_x003a__x0020_Mail']?['Value']"
              },
              {
                "header": "area",
                "value": "@item()?['Geografischgebied']"
              },
              {
                "header": "lang",
                "value": "@item()['Taal']"
              },
              {
                "header": "revision_date",
                "value": "@item()['Herzieningsdatum']"
              }
            ]
          }
        },
        "Bestand_maken": {
          "runAfter": {
            "CSV-tabel_maken": [
              "Succeeded"
            ]
          },
          "metadata": {
            "operationMetadataId": "497d058d-45a8-4110-8daf-ad3019f0f827"
          },
          "type": "OpenApiConnection",
          "inputs": {
            "host": {
              "connectionName": "shared_sharepointonline",
              "operationId": "CreateFile",
              "apiId": "/providers/Microsoft.PowerApps/apis/shared_sharepointonline"
            },
            "parameters": {
              "dataset": "@parameters('SP_site_Alg (dl_SP_site_Alg)')",
              "folderPath": "@parameters('SP_page_Algoritme_Library (dl_SP_page_Algoritme_Library)')",
              "name": "Export_@{utcNow()}.csv",
              "body": "@body('CSV-tabel_maken')"
            },
            "authentication": {
              "type": "Raw",
              "value": "@json(decodeBase64(triggerOutputs().headers['X-MS-APIM-Tokens']))['$ConnectionKey']"
            }
          },
          "runtimeConfiguration": {
            "contentTransfer": {
              "transferMode": "Chunked"
            }
          }
        }
      },
      "outputs": {}
    },
    "templateName": ""
  },
  "schemaVersion": "1.0.0.0"
}