<environmentvariabledefinition schemaname="dl_SP_page_In_uitklappen_algoritmeregister">
  <apiid>/providers/microsoft.powerapps/apis/shared_sharepointonline</apiid>
  <defaultvalue>3893f899-d2f9-4526-998c-957de74904ad</defaultvalue>
  <displayname default="SP_page_In_uitklappen_algoritmeregister">
    <label description="SP_page_In_uitklappen_algoritmeregister" languagecode="1043" />
  </displayname>
  <introducedversion>1.0.0.1</introducedversion>
  <iscustomizable>1</iscustomizable>
  <isrequired>0</isrequired>
  <parameterkey>table</parameterkey>
  <parentdefinitionid>
    <schemaname>dl_SP_site_Alg</schemaname>
  </parentdefinitionid>
  <secretstore>0</secretstore>
  <type>100000004</type>
</environmentvariabledefinition>