{"schemaVersion":"1.0","appDefinitionTemplate":{"id":"/providers/Microsoft.PowerApps/apps/","type":"Microsoft.PowerApps/apps","tags":{"primaryDeviceWidth":"1136","primaryDeviceHeight":"640","supportsPortrait":"true","supportsLandscape":"true","primaryFormFactor":"Phone","publisherVersion":"3.23022.25","minimumRequiredApiVersion":"2.2.0","hasComponent":"false","hasUnlockedComponent":"false","isUnifiedRootApp":"false","sienaVersion":"20230322T090754Z-3.23031.13.0"},"properties":{"appVersion":"2023-03-22T09:07:54Z","lifeCycleId":"Published","createdByClientVersion":{"major":3,"minor":23022,"build":25,"revision":0,"majorRevision":0,"minorRevision":0},"minClientVersion":{"major":3,"minor":23022,"build":25,"revision":0,"majorRevision":0,"minorRevision":0},"backgroundColor":"rgba(84, 130, 215, 1)","backgroundImageUri":"/3687141576448719390/Nfbbcfc09-2b52-4391-8ac0-b2970af5ef17-Ne6a9d0f0-98d8-4484-a94d-e6927eb060df-logoSmallFile","displayName":"Algoritmeregistratie","description":"","commitMessage":"","appUris":{"documentUri":{"value":"/3687141576448719390/N4a5f2b5a-9e89-437d-b97c-8b59535fbc9c-N13e11ca4-1d5f-41eb-aeb1-c71c1d0c81bb-document.msapp"},"imageUris":[],"additionalUris":[]},"createdTime":"0001-01-01T00:00:00Z","lastModifiedTime":"0001-01-01T00:00:00Z","sharedGroupsCount":0,"sharedUsersCount":0,"connectionReferences":{"43674709-3043-451c-9db3-e959ef31e736":{"id":"ca030111-03cc-4b98-82c6-66026e8a2d8d","displayName":"SharePoint","iconUri":"https://connectoricons-prod.azureedge.net/u/laborbol/releases/ase-v3/1.0.1622.3202/sharepointonline/icon.png","dataSources":["Projecten","Algoritmeregister","In- uitklappen algoritmeregister","Algoritmeregister kolombeschrijvingen","Programma"],"dependencies":[],"dependents":["7362906a-6835-44fe-94e3-623484b33a8d","a114e904-2447-4b59-8b65-d0a8b0c01d3c"],"parameterHints":{},"parameterHintsV2":{},"isOnPremiseConnection":false,"bypassConsent":false,"dataSets":{"https://noordbrabant.sharepoint.com/sites/Algoritmeregister":{"dataSources":{"Projecten":{"tableName":"539ddd7f-64f2-475d-bc59-901966fb521d"},"Algoritmeregister":{"tableName":"4083e708-0893-4ec5-a06d-de15bac85b9f"},"In- uitklappen algoritmeregister":{"tableName":"3893f899-d2f9-4526-998c-957de74904ad"},"Algoritmeregister kolombeschrijvingen":{"tableName":"d707c560-ce3a-427b-9c4d-acfb1bb61ad4"},"Programma":{"tableName":"aa53bcb0-0856-4e95-8c62-8ca72489dfa7"}}}},"apiTier":"Standard","isCustomApiConnection":false,"actions":["providers/PowerPlatform.Governance/Operations/Read"]},"7362906a-6835-44fe-94e3-623484b33a8d":{"id":"6c0bc9c8-d655-47c3-8090-95bcdd5bb059","displayName":"Logicastroom","iconUri":"https://connectoricons-prod.azureedge.net/releases/v1.0.1615/1.0.1615.3163/logicflows/icon.png","dataSources":["Exportnaarexcel"],"dependencies":["43674709-3043-451c-9db3-e959ef31e736"],"dependents":[],"parameterHints":{"workflowName":{"value":"5132a6bc-c19b-46b2-a6e8-40726f8c7107"},"workflowEntityId":{},"43674709-3043-451c-9db3-e959ef31e736":{"value":"shared_sharepointonline"}},"parameterHintsV2":{"workflowName":{"value":"5132a6bc-c19b-46b2-a6e8-40726f8c7107"},"workflowEntityId":{},"shared_sharepointonline":{"value":"43674709-3043-451c-9db3-e959ef31e736"}},"isOnPremiseConnection":false,"bypassConsent":false,"dataSets":{},"apiTier":"Standard","isCustomApiConnection":false,"nestedActions":[{"id":"/providers/Microsoft.PowerApps/apis/shared_sharepointonline/apiOperations/CreateFile","apiName":"SharePoint","actionName":"CreateFile","referencedResources":[{"key":"site","value":"https://noordbrabant.sharepoint.com/sites/DataplatformDatawarehouse"}]}]},"a114e904-2447-4b59-8b65-d0a8b0c01d3c":{"id":"6c0bc9c8-d655-47c3-8090-95bcdd5bb059","displayName":"Logicastroom","iconUri":"https://connectoricons-prod.azureedge.net/releases/v1.0.1615/1.0.1615.3163/logicflows/icon.png","dataSources":["ExportCSV"],"dependencies":["43674709-3043-451c-9db3-e959ef31e736"],"dependents":[],"parameterHints":{"workflowName":{"value":"4bada536-930a-4433-9d20-ebbe19954ef3"},"workflowEntityId":{},"43674709-3043-451c-9db3-e959ef31e736":{"value":"shared_sharepointonline"}},"parameterHintsV2":{"workflowName":{"value":"4bada536-930a-4433-9d20-ebbe19954ef3"},"workflowEntityId":{},"shared_sharepointonline":{"value":"43674709-3043-451c-9db3-e959ef31e736"}},"isOnPremiseConnection":false,"bypassConsent":false,"dataSets":{},"apiTier":"Standard","isCustomApiConnection":false,"actions":["Run"],"nestedActions":[{"id":"/providers/Microsoft.PowerApps/apis/shared_sharepointonline/apiOperations/CreateFile","apiName":"SharePoint","actionName":"CreateFile","referencedResources":[{"key":"site","value":"https://noordbrabant.sharepoint.com/sites/Algoritmeregister"}]}]}},"databaseReferences":{},"almMode":"Environment","performanceOptimizationEnabled":true,"canConsumeAppPass":true,"enableModernRuntimeMode":false,"executionRestrictions":{"isTeamsOnly":false,"dataLossPreventionEvaluationResult":{"status":"Compliant","lastEvaluationDate":"2023-02-28T13:26:59.3626814Z","violations":[],"violationsByPolicy":[],"violationErrorMessage":"De app gebruikt de volgende connectors: shared_sharepointonline, shared_logicflows."},"httpActionRestriction":{"appUsesSharepointHttpAction":false,"enforcementStrategy":"Legacy","evaluationTime":"2023-02-28T13:26:59.3626087Z"}}},"appType":"ClassicCanvasApp","appComponents":[]}}